Ipv4s,Source,Last Update
5.182.39.117,SOCRadar,2023-07-19
45.142.214.239,SOCRadar,2023-07-19
5.182.39.212,SOCRadar,2023-07-19
185.248.144.74,SOCRadar,2023-07-19
94.131.102.137,SOCRadar,2023-07-19
94.131.102.108,SOCRadar,2023-07-19
5.182.37.232,SOCRadar,2023-07-19
5.182.39.205,SOCRadar,2023-07-19
94.131.102.80,SOCRadar,2023-07-19
94.131.102.132,SOCRadar,2023-07-19
45.142.214.247,SOCRadar,2023-07-19
45.67.34.55,SOCRadar,2023-07-19
94.131.102.122,SOCRadar,2023-07-19
45.67.34.7,SOCRadar,2023-07-19
5.182.38.90,SOCRadar,2023-07-19
5.182.37.205,SOCRadar,2023-07-19
5.182.38.184,SOCRadar,2023-07-19
94.131.102.127,SOCRadar,2023-07-19
45.67.34.60,SOCRadar,2023-07-19
94.131.102.78,SOCRadar,2023-07-19
5.182.37.161,SOCRadar,2023-07-19
45.67.34.149,SOCRadar,2023-07-19
45.142.214.166,SOCRadar,2023-07-19
5.182.39.223,SOCRadar,2023-07-19
45.142.214.167,SOCRadar,2023-07-19
94.131.102.140,SOCRadar,2023-07-19
94.131.102.14,SOCRadar,2023-07-19
5.182.37.229,SOCRadar,2023-07-19
5.182.37.154,SOCRadar,2023-07-19
94.131.110.83,SOCRadar,2023-07-19
94.131.102.96,SOCRadar,2023-07-19
5.182.39.186,SOCRadar,2023-07-19
45.142.214.240,SOCRadar,2023-07-19
94.131.102.9,SOCRadar,2023-07-19
5.182.39.69,SOCRadar,2023-07-19
5.182.37.157,SOCRadar,2023-07-19
5.182.39.40,SOCRadar,2023-07-19
5.182.39.254,SOCRadar,2023-07-19
5.182.38.216,SOCRadar,2023-07-19
5.182.38.200,SOCRadar,2023-07-19
45.142.214.202,SOCRadar,2023-07-19
5.182.37.221,SOCRadar,2023-07-19
94.131.102.141,SOCRadar,2023-07-19
94.131.102.125,SOCRadar,2023-07-19
94.131.102.94,SOCRadar,2023-07-19
94.131.102.19,SOCRadar,2023-07-19
94.131.102.120,SOCRadar,2023-07-19
94.131.102.102,SOCRadar,2023-07-19
5.182.39.171,SOCRadar,2023-07-19
94.131.102.143,SOCRadar,2023-07-19
5.182.37.203,SOCRadar,2023-07-19
94.131.102.106,SOCRadar,2023-07-19
5.182.37.145,SOCRadar,2023-07-19
185.248.144.79,SOCRadar,2023-07-19
5.182.37.206,SOCRadar,2023-07-19
5.182.39.202,SOCRadar,2023-07-19
185.248.144.73,SOCRadar,2023-07-19
94.131.102.90,SOCRadar,2023-07-19
94.131.102.148,SOCRadar,2023-07-19
5.182.38.193,SOCRadar,2023-07-19
94.131.102.12,SOCRadar,2023-07-19
5.182.37.158,SOCRadar,2023-07-19
94.131.102.112,SOCRadar,2023-07-19
94.131.102.110,SOCRadar,2023-07-19
94.131.102.83,SOCRadar,2023-07-19
94.131.102.6,SOCRadar,2023-07-19
94.131.102.3,SOCRadar,2023-07-19
94.131.102.138,SOCRadar,2023-07-19
5.182.38.80,SOCRadar,2023-07-19
5.182.38.115,SOCRadar,2023-07-19
5.182.37.199,SOCRadar,2023-07-19
94.131.110.218,SOCRadar,2023-07-19
94.131.102.135,SOCRadar,2023-07-19
45.67.34.200,SOCRadar,2023-07-19
45.142.214.186,SOCRadar,2023-07-19
185.248.144.76,SOCRadar,2023-07-19
5.182.37.159,SOCRadar,2023-07-19
45.142.214.177,SOCRadar,2023-07-19
5.182.39.120,SOCRadar,2023-07-19
94.131.102.133,SOCRadar,2023-07-19
5.182.37.162,SOCRadar,2023-07-19
94.131.102.101,SOCRadar,2023-07-19
5.182.39.38,SOCRadar,2023-07-19
94.131.102.11,SOCRadar,2023-07-19
5.182.38.185,SOCRadar,2023-07-19
5.182.38.82,SOCRadar,2023-07-19
94.131.110.82,SOCRadar,2023-07-19
94.131.102.85,SOCRadar,2023-07-19
94.131.102.18,SOCRadar,2023-07-19
94.131.102.113,SOCRadar,2023-07-19
94.131.102.119,SOCRadar,2023-07-19
94.131.102.107,SOCRadar,2023-07-19
45.142.214.21,SOCRadar,2023-07-19
94.131.102.95,SOCRadar,2023-07-19
94.131.102.117,SOCRadar,2023-07-19
45.142.214.168,SOCRadar,2023-07-19
45.142.214.20,SOCRadar,2023-07-19
94.131.102.118,SOCRadar,2023-07-19
5.182.37.124,SOCRadar,2023-07-19
5.182.39.218,SOCRadar,2023-07-19
5.182.38.117,SOCRadar,2023-07-19
45.142.214.241,SOCRadar,2023-07-19
5.182.39.161,SOCRadar,2023-07-19
94.131.102.86,SOCRadar,2023-07-19
45.142.214.37,SOCRadar,2023-07-19
45.142.214.203,SOCRadar,2023-07-19
45.142.214.180,SOCRadar,2023-07-19
94.131.102.15,SOCRadar,2023-07-19
94.131.102.134,SOCRadar,2023-07-19
5.182.38.83,SOCRadar,2023-07-19
94.131.102.22,SOCRadar,2023-07-19
5.182.37.155,SOCRadar,2023-07-19
94.131.102.25,SOCRadar,2023-07-19
5.182.39.131,SOCRadar,2023-07-19
45.67.34.36,SOCRadar,2023-07-19
5.182.39.121,SOCRadar,2023-07-19
45.142.214.185,SOCRadar,2023-07-19
94.131.102.152,SOCRadar,2023-07-19
45.159.251.16,SOCRadar,2023-07-19
94.131.102.2,SOCRadar,2023-07-19
45.142.214.19,SOCRadar,2023-07-19
94.131.102.150,SOCRadar,2023-07-19
94.131.102.7,SOCRadar,2023-07-19
94.131.102.4,SOCRadar,2023-07-19
45.67.34.37,SOCRadar,2023-07-19
5.182.39.163,SOCRadar,2023-07-19
5.182.38.68,SOCRadar,2023-07-19
5.182.37.156,SOCRadar,2023-07-19
94.131.102.16,SOCRadar,2023-07-19
94.131.102.130,SOCRadar,2023-07-19
5.182.38.239,SOCRadar,2023-07-19
5.182.39.252,SOCRadar,2023-07-19
5.182.37.222,SOCRadar,2023-07-19
5.182.38.189,SOCRadar,2023-07-19
5.182.38.103,SOCRadar,2023-07-19
5.182.37.227,SOCRadar,2023-07-19
5.182.37.153,SOCRadar,2023-07-19
5.182.38.240,SOCRadar,2023-07-19
5.182.37.201,SOCRadar,2023-07-19
94.131.102.100,SOCRadar,2023-07-19
94.131.110.164,SOCRadar,2023-07-19
45.67.34.53,SOCRadar,2023-07-19
5.182.38.102,SOCRadar,2023-07-19
94.131.102.151,SOCRadar,2023-07-19
94.131.102.17,SOCRadar,2023-07-19
94.131.110.230,SOCRadar,2023-07-19
5.182.38.56,SOCRadar,2023-07-19
45.67.34.59,SOCRadar,2023-07-19
5.182.37.148,SOCRadar,2023-07-19
5.182.39.174,SOCRadar,2023-07-19
5.182.38.198,SOCRadar,2023-07-19
94.131.102.105,SOCRadar,2023-07-19
5.182.39.136,SOCRadar,2023-07-19
5.182.39.200,SOCRadar,2023-07-19
5.182.37.230,SOCRadar,2023-07-19
5.182.38.85,SOCRadar,2023-07-19
94.131.102.144,SOCRadar,2023-07-19
5.182.37.107,SOCRadar,2023-07-19
5.182.38.191,SOCRadar,2023-07-19
94.131.102.92,SOCRadar,2023-07-19
5.182.37.225,SOCRadar,2023-07-19
5.182.37.223,SOCRadar,2023-07-19
5.182.38.91,SOCRadar,2023-07-19
45.67.34.52,SOCRadar,2023-07-19
5.182.38.215,SOCRadar,2023-07-19
94.131.102.81,SOCRadar,2023-07-19
94.131.110.216,SOCRadar,2023-07-19
5.182.39.164,SOCRadar,2023-07-19
5.182.37.228,SOCRadar,2023-07-19
5.182.37.233,SOCRadar,2023-07-19
45.142.214.22,SOCRadar,2023-07-19
31.13.195.87,SOCRadar,2023-07-19
94.131.102.8,SOCRadar,2023-07-19
94.131.102.153,SOCRadar,2023-07-19
5.182.38.221,SOCRadar,2023-07-19
45.142.214.182,SOCRadar,2023-07-19
5.182.38.214,SOCRadar,2023-07-19
45.67.34.191,SOCRadar,2023-07-19
5.182.39.165,SOCRadar,2023-07-19
45.67.34.62,SOCRadar,2023-07-19
45.67.34.38,SOCRadar,2023-07-19
5.182.39.52,SOCRadar,2023-07-19
5.182.39.211,SOCRadar,2023-07-19
45.67.34.33,SOCRadar,2023-07-19
45.67.34.32,SOCRadar,2023-07-19
45.67.34.8,SOCRadar,2023-07-19
94.131.102.91,SOCRadar,2023-07-19
94.131.102.21,SOCRadar,2023-07-19
5.182.38.192,SOCRadar,2023-07-19
5.182.37.198,SOCRadar,2023-07-19
45.67.34.61,SOCRadar,2023-07-19
5.182.38.219,SOCRadar,2023-07-19
5.182.39.36,SOCRadar,2023-07-19
5.182.38.78,SOCRadar,2023-07-19
45.142.214.188,SOCRadar,2023-07-19
94.131.102.13,SOCRadar,2023-07-19
5.182.37.224,SOCRadar,2023-07-19
5.182.37.204,SOCRadar,2023-07-19
45.67.34.223,SOCRadar,2023-07-19
94.131.102.87,SOCRadar,2023-07-19
5.182.39.142,SOCRadar,2023-07-19
45.142.214.198,SOCRadar,2023-07-19
5.182.38.87,SOCRadar,2023-07-19
94.131.110.88,SOCRadar,2023-07-19
192.229.211.108,SOCRadar,2023-07-19
94.131.102.89,SOCRadar,2023-07-19
185.248.144.78,SOCRadar,2023-07-19
45.142.214.204,SOCRadar,2023-07-19
45.142.214.30,SOCRadar,2023-07-19
45.142.214.183,SOCRadar,2023-07-19
94.131.110.231,SOCRadar,2023-07-19
5.182.38.220,SOCRadar,2023-07-19
5.182.38.89,SOCRadar,2023-07-19
45.142.214.192,SOCRadar,2023-07-19
94.131.102.123,SOCRadar,2023-07-19
5.182.38.81,SOCRadar,2023-07-19
94.131.102.104,SOCRadar,2023-07-19
5.182.37.226,SOCRadar,2023-07-19
94.131.102.98,SOCRadar,2023-07-19
94.131.102.97,SOCRadar,2023-07-19
2.57.122.82,SOCRadar,2023-07-19
5.182.38.238,SOCRadar,2023-07-19
45.142.214.194,SOCRadar,2023-07-19
5.182.38.218,SOCRadar,2023-07-19
5.182.38.190,SOCRadar,2023-07-19
94.131.102.129,SOCRadar,2023-07-19
185.248.144.72,SOCRadar,2023-07-19
94.131.102.131,SOCRadar,2023-07-19
94.131.102.23,SOCRadar,2023-07-19
5.182.37.160,SOCRadar,2023-07-19
5.182.38.187,SOCRadar,2023-07-19
94.131.102.5,SOCRadar,2023-07-19
94.131.102.79,SOCRadar,2023-07-19
5.182.38.217,SOCRadar,2023-07-19
45.67.34.54,SOCRadar,2023-07-19
185.248.144.77,SOCRadar,2023-07-19
45.67.34.41,SOCRadar,2023-07-19
5.182.37.231,SOCRadar,2023-07-19
94.131.102.142,SOCRadar,2023-07-19
94.131.102.146,SOCRadar,2023-07-19
45.142.214.17,SOCRadar,2023-07-19
45.142.214.212,SOCRadar,2023-07-19
5.182.39.160,SOCRadar,2023-07-19
94.131.102.116,SOCRadar,2023-07-19
45.142.214.200,SOCRadar,2023-07-19
45.142.214.193,SOCRadar,2023-07-19
5.182.38.88,SOCRadar,2023-07-19
77.91.122.69,SOCRadar,2023-07-19
94.131.102.115,SOCRadar,2023-07-19
45.67.34.10,SOCRadar,2023-07-19
45.142.214.215,SOCRadar,2023-07-19
5.182.39.53,SOCRadar,2023-07-19
94.131.102.88,SOCRadar,2023-07-19
94.131.102.109,SOCRadar,2023-07-19
185.248.144.71,SOCRadar,2023-07-19
5.182.39.213,SOCRadar,2023-07-19
45.142.214.173,SOCRadar,2023-07-19
5.182.39.239,SOCRadar,2023-07-19
94.131.102.136,SOCRadar,2023-07-19
5.182.39.152,SOCRadar,2023-07-19
109.107.181.130,SOCRadar,2023-07-19
5.182.39.54,SOCRadar,2023-07-19
94.131.102.145,SOCRadar,2023-07-19
5.182.39.51,SOCRadar,2023-07-19
5.182.37.200,SOCRadar,2023-07-19
5.182.37.115,SOCRadar,2023-07-19
94.131.110.84,SOCRadar,2023-07-19
94.131.102.99,SOCRadar,2023-07-19
94.131.102.111,SOCRadar,2023-07-19
5.182.39.59,SOCRadar,2023-07-19
45.142.214.171,SOCRadar,2023-07-19
5.182.38.202,SOCRadar,2023-07-19
5.182.38.186,SOCRadar,2023-07-19
45.142.214.16,SOCRadar,2023-07-19
45.142.214.28,SOCRadar,2023-07-19
5.182.38.213,SOCRadar,2023-07-19
45.67.34.40,SOCRadar,2023-07-19
94.131.102.126,SOCRadar,2023-07-19
185.248.144.80,SOCRadar,2023-07-19
45.142.214.190,SOCRadar,2023-07-19
45.67.34.39,SOCRadar,2023-07-19
94.131.102.84,SOCRadar,2023-07-19
45.67.34.182,SOCRadar,2023-07-19
94.131.102.20,SOCRadar,2023-07-19
45.142.214.172,SOCRadar,2023-07-19
5.182.38.116,SOCRadar,2023-07-19
5.182.38.79,SOCRadar,2023-07-19
5.182.39.119,SOCRadar,2023-07-19
45.142.214.5,SOCRadar,2023-07-19
94.131.102.10,SOCRadar,2023-07-19
5.182.37.220,SOCRadar,2023-07-19
94.131.110.169,SOCRadar,2023-07-19
94.131.102.147,SOCRadar,2023-07-19
94.131.102.114,SOCRadar,2023-07-19
5.182.37.219,SOCRadar,2023-07-19
5.182.39.118,SOCRadar,2023-07-19
5.182.37.202,SOCRadar,2023-07-19
2.57.122.243,SOCRadar,2023-07-19
94.131.109.210,SOCRadar,2023-07-19
94.131.110.220,SOCRadar,2023-07-19
5.182.38.86,SOCRadar,2023-07-19
5.182.39.162,SOCRadar,2023-07-19
94.131.110.214,SOCRadar,2023-07-19
45.67.34.30,SOCRadar,2023-07-19
